Ming & Jason's|ming-and-jasons-san-francisco|37.794281|-122.4071121|824 Clay St |(415) 398-6368
Natural Nails|natural-nails-san-francisco|37.785329|-122.407398|870 Market St Ste 717 |(415) 291-9122
Sugarcoat|sugarcoat-san-francisco|37.7877339|-122.4120711|619 Post St |(415) 441-1868
Pretty Parlor|pretty-parlor-san-francisco-4|37.76351845805|-122.423745005098|483 Guerrero St |(415) 556-2883
Discount Beauty Supply|discount-beauty-supply-san-francisco|37.785297|-122.419014|888 Ofarrell St Ste A |(415) 922-1353
The I Spa|the-i-spa-san-francisco|37.7817050429594|-122.404732704163|InterContinental 888 Howard St, 6th Fl |(415) 616-6597
Julies Beauty Salon|julies-beauty-salon-san-francisco|37.80093|-122.430084|1734 Lombard St |(415) 931-3101
Hand Job|hand-job-san-francisco|37.7598233520985|-122.434847205877|565 Castro St |(415) 863-2243
Recharge Medical & Day Spa|recharge-medical-and-day-spa-san-francisco-3|37.7911682|-122.4183578|1456 California St |(415) 409-3456
Yamamoto International Hair Design|yamamoto-international-hair-design-san-francisco|37.7890842407942|-122.40934073925|545 Sutter St Ste 202 |(415) 398-7134
Diva International|diva-international-san-francisco|37.7940747309902|-122.394919136246|1 Market Plz |(415) 543-8444
Steel + Lacquer|steel-lacquer-san-francisco|37.7761968970299|-122.41717480123|14 10th St |(415) 503-1210
Richard's Hair Design|richards-hair-design-san-francisco|37.7897148|-122.4057922|330 Sutter Street |(415) 981-7028
Morphic|morphic-san-francisco-2|37.7883067|-122.402957|660 Market St Ste 226 |(415) 789-6682
Fairyland Spa|fairyland-spa-san-francisco-3|37.7964859008789|-122.422172546387|2139 Polk St Ste B |(415) 345-9188
EMANstyle|emanstyle-san-francisco-2|37.7886795071834|-122.402956767212|660 Market St Ste 207 |(415) 410-5032
Kristina Goett|kristina-goett-san-francisco-3|37.7750893|-122.4307938|David James Salon 600 Fillmore St |(415) 655-3973
CODE Salon|code-salon-san-francisco|37.7810181190904|-122.400296714142|370 4th St 2nd Fl |(415) 624-8340
Sol Y Luna Spa|sol-y-luna-spa-san-francisco|37.7313724|-122.4507686|691 Monterey Blvd |(415) 469-7323
Fellow Barber|fellow-barber-san-francisco|37.7618053|-122.4217282|696 Valencia St |(415) 621-9000
Shear Bliss|shear-bliss-san-francisco|37.7755376|-122.4228689|275 Gough St |(415) 255-8827
Nail Chic|nail-chic-san-francisco-2|37.7511101|-122.4338837|1303 Castro St |(415) 970-9301
Selina's Bridal Shop|selinas-bridal-shop-fremont-4|37.7217972003102|-122.4477729375||(510) 493-6579
EPI Center MedSpa|epi-center-medspa-san-francisco|37.7896575927734|-122.407836914062|450 Sutter St Ste 800 |(415) 362-4754
Nails 2001|nails-2001-san-francisco|37.7970034629107|-122.435811460018|2213 Union Street |(415) 775-5838
Melissa Cope Skincare & Makeup Studio|melissa-cope-skincare-and-makeup-studio-san-francisco|37.7875178196431|-122.450752371628|3516 Sacramento St Ste 6 |(415) 771-7546
Q Spa|q-spa-san-francisco|37.7751501649618|-122.437768131495|604 Divisadero St |(415) 885-1272
The John Brody Salon|the-john-brody-salon-san-francisco|37.76375|-122.43412|2338 Market St |(415) 252-0782
La Fleur 2|la-fleur-2-san-francisco-2|37.7864494|-122.4092331|272 O'Farrell |(415) 391-7990
Joffer|joffer-san-francisco|37.773102|-122.410347|367 9th St. Ste B |(877) 563-3371
Angel's Nails|angels-nails-san-francisco|37.7451057|-122.4269638|1602 Church St |(415) 282-6245
Drybar Union Square|drybar-union-square-san-francisco|37.7890502595048|-122.403650570792|123 Kearny St |(415) 347-8908
Diane's Nail Care|dianes-nail-care-san-francisco-3|37.7716217|-122.4333878|681 Haight St |(415) 621-1220
Hair Caffe|hair-caffe-san-francisco|37.7859497|-122.4361496|2176 Sutter St |(415) 525-4678
Barnets|barnets-san-francisco|37.7645912|-122.4248886|3235 16th St |(415) 864-1923
Elegant Nails Salon|elegant-nails-salon-san-francisco|37.8008614|-122.429184|1688 Lombard St Ste A |(415) 441-7177
Salon Mio Mio|salon-mio-mio-san-francisco|37.7511024|-122.4342194|1304 Castro St |(415) 341-1717
Public Barber Salon|public-barber-salon-san-francisco-3|37.801159|-122.407494|1528 Grant Ave |(415) 362-0040
Archer Salon|archer-salon-san-francisco|37.7872451|-122.4051902|33 Grant Ave 2nd Fl |(415) 433-3334
Tailored Salon|tailored-salon-san-francisco|37.78986|-122.404999|266 Sutter St 2nd Fl |(415) 501-9205
Jennifer Clark Skincare|jennifer-clark-skincare-san-francisco|37.784833928043|-122.40749001503|870 Market St Ste 715 |(415) 706-1380
Mani Pedi Spa|mani-pedi-spa-san-francisco-2|37.7912292|-122.42099|1545 Polk St |(415) 872-9686
Church Nails|church-nails-san-francisco|37.75146022439|-122.427351772785|1211 Church St |
John Cameron Salon|john-cameron-salon-san-francisco|37.788565|-122.402975|660 Market St Ste 217 |(415) 596-5940
Golden Nails|golden-nails-san-francisco-2|37.7909463644028|-122.418131679296|1432 California St |(415) 775-1033
Kabuki Springs & Spa|kabuki-springs-and-spa-san-francisco-2|37.7847099|-122.4324265|1750 Geary Blvd |(415) 922-6000
Tootsie Toes|tootsie-toes-san-francisco|37.7930374145508|-122.421379089355|1741 Polk St |(415) 359-9844
Le Petit Salon|le-petit-salon-san-francisco|37.8021586686373|-122.425250932574|1325 Chestnut Street |(415) 885-8538
Mercer Street Salon|mercer-street-salon-san-francisco|37.7972154|-122.4354585|3012 Fillmore St |(415) 674-4444
The New Nails|the-new-nails-san-francisco-4|37.8001778572798|-122.440920397639|2291 Chestnut St |(415) 346-5227
2nd Street Hair Co|2nd-street-hair-co-san-francisco|37.7912998|-122.4021972|220 Montgomery St Ste 332 |(650) 922-9554
Orange|orange-san-francisco-3|37.7651986|-122.4242967|380 Guerrero St |
Elevate Podiatry + Spa|elevate-podiatry-spa-san-francisco-2|37.788406|-122.40976|490 Post St Ste 336 |(415) 890-3377
New Look Beauty Center|new-look-beauty-center-san-francisco-2|37.786869|-122.4078674|230 Powell St |(415) 421-5665
City Beauty Salon|city-beauty-salon-san-francisco|37.7917061001062|-122.420854121447|1610 Polk St |(415) 928-9725
Kate SPA|kate-spa-san-francisco-2|37.7970886|-122.436882|Bamboo Beauty Salon 2284B Union St |(415) 952-8301
Laurel Heights Nail Salon|laurel-heights-nail-salon-san-francisco|37.7876754105091|-122.450493201613|3501 Sacramento Street |(415) 346-9388
Lily Nail Care|lily-nail-care-san-francisco|37.7263794|-122.4028397|2803 San Bruno Ave |(415) 468-1202
Bella Nails|bella-nails-san-francisco|37.799896|-122.439743|3231 Pierce St |(415) 885-1100
Franklin Beauty Salon|franklin-beauty-salon-san-francisco|37.7886086|-122.4235001|1506 Franklin St |(415) 567-3861
Bebe Skin Care & Threading|bebe-skin-care-and-threading-san-francisco|37.786108|-122.430152|1731-1B Buchanan St |(415) 845-5615
Bombshell|bombshell-millbrae|37.6128817341435|-122.404637734573|1655 S El Camino Real |(650) 483-0320
Noe Valley Nails|noe-valley-nails-san-francisco|37.7471988648176|-122.427052035928|1484 Church St |(415) 920-8923
Sydney Nails|sydney-nails-san-francisco|37.7409706|-122.4231796|3486 Mission St |(415) 647-8004
Maya's European Skin and Nail Care|mayas-european-skin-and-nail-care-san-francisco-2|37.7967741340399|-122.401089593768|326 Jackson Street |(415) 989-5136
Post Street Hair & Nail Care|post-street-hair-and-nail-care-san-francisco|37.7857361733913|-122.428956404328|1648 Post St |(415) 921-5805
Citrine Salon|citrine-salon-san-francisco|37.7855988|-122.4330063|1724 Fillmore St |(415) 359-1840
New Age Nails|new-age-nails-san-francisco-2|37.8011742979288|-122.407753542066|1543 Grant Ave |(415) 956-8807
Lily Beauty Salon|lily-beauty-salon-san-francisco|37.7881699|-122.447937|3356 Sacramento St |(415) 345-1988
Empress Hair and Nails|empress-hair-and-nails-san-francisco|37.7793243527412|-122.431949079037|1085 Fillmore St |(415) 563-8445
Finest Nails|finest-nails-san-francisco|37.7871483564377|-122.419904619455|1128 Polk St |(415) 359-1681
Green Twig Salon|green-twig-salon-san-francisco-4|37.7502316|-122.4271691|1299 Church St |(415) 642-9229
Xcelerate Salon|xcelerate-salon-san-francisco-3|37.750301|-122.433792|1401 Castro St |(415) 641-0545
Black Heart Tattoo|black-heart-tattoo-san-francisco-2|37.770271|-122.422165|177 Valencia St |(415) 431-2100
West Coast Nails and Facial|west-coast-nails-and-facial-san-francisco|37.7946089208126|-122.41986438632|1821 Larkin St |(415) 928-1858
Le Burge't Salon|le-burget-salon-san-francisco|37.7591597879573|-122.408675911621|2737 20th St |(415) 824-1335
Cut Couture|cut-couture-san-francisco|37.7884712|-122.4029694|660 Market St 2nd Fl Ste 215 |(818) 421-2853
Lashes 2 Lashes|lashes-2-lashes-san-francisco-2|37.7976336|-122.4329088|2040 Union St |(510) 599-6700
Hair of the Gods by Geno Valle|hair-of-the-gods-by-geno-valle-san-francisco|37.776001|-122.4232178|324 Fell St |(415) 863-9622
PREP|prep-san-francisco|37.788246050477|-122.446111813188|3235 Sacramento St |(415) 763-7737
Posh Salon & Blow Dry Boutique|posh-salon-and-blow-dry-boutique-san-francisco|37.7922146|-122.4344101|2444 Fillmore St |(415) 440-7674
Carrie Jossel|carrie-jossel-san-francisco|37.798333838582|-122.426037490368|Union Retreat 1618 Union St |(415) 516-3018
Adollup|adollup-san-francisco|37.765461|-122.402138|370 De Haro St Unit A3 |(415) 861-1935
Sugar San Francisco|sugar-san-francisco-san-francisco|37.7879732|-122.4187416|1116 Sutter St |(415) 786-4887
Best Brazilian Wax By Carla Martins|best-brazilian-wax-by-carla-martins-san-francisco|37.7941505798952|-122.402954946317|520 Montgomery St Ste 209 |(415) 379-9960
Modern Nail Bar|modern-nail-bar-san-francisco|37.7577324|-122.3894272|803 22nd St |(415) 695-7472
Amber Marie|amber-marie-san-francisco|37.798031|-122.427017|2660 Gough St |(415) 845-1192
SF Manscaping|sf-manscaping-san-francisco|37.788367450644|-122.402847015632|660 Market St Ste 220 |
diPietro Todd Salon Union Square|dipietro-todd-salon-union-square-san-francisco-3|37.7886469|-122.4048545|177 Post St 2nd Fl |(415) 397-0177
Kathy's Nails|kathys-nails-san-francisco|37.7910614|-122.4043121|323 Kearny Street |(415) 989-9633
Sweet Asylum|sweet-asylum-san-francisco|37.7985564|-122.4248106|1540 Union St |(415) 529-2652
Thao Nail Studio|thao-nail-studio-san-francisco|37.798608480155|-122.424849165249|1540 Union St |(415) 756-6190
Trio Nails|trio-nails-san-francisco|37.787013|-122.430013|1832 Buchanan St |(415) 931-9261
Finishing Touch Nails|finishing-touch-nails-san-francisco|37.7999611|-122.4408112|3250 Scott Street |(415) 928-1196
Shag Hair Salon|shag-hair-salon-san-francisco|37.7653185278177|-122.431019023061|228 Sanchez St |(415) 701-7424
Katie Brooke Callahan|katie-brooke-callahan-san-francisco|37.7623798|-122.4142544|3150 18th St Unit 105 |(707) 479-5309
International College of Cosmetology|international-college-of-cosmetology-san-francisco-2|37.788055613637|-122.420101761818|1224 Polk St |(415) 931-6333
Timothy Scott|timothy-scott-san-francisco|37.7905500902837|-122.419977221811|1555 California St |(415) 730-3561
Chong's Barber & Beauty Shop|chongs-barber-and-beauty-shop-san-francisco|37.7991391718388|-122.407325059175|1335 Grant Ave |(415) 956-6878
Joys Number 2 Hair Salon|joys-number-2-hair-salon-san-francisco|37.7952194|-122.4078979|1016 Stockton Street |(415) 296-1062
Nails by Vera|nails-by-vera-san-francisco|37.7878799|-122.4061279|166 Geary St Ste 1505 |(415) 989-2005
BellaDonna Nail Salon|belladonna-nail-salon-san-francisco|37.789118|-122.4080241|447 Sutter St Ste 419 |(415) 402-0668
Mad About Brows|mad-about-brows-san-francisco|37.7973054|-122.4008151|633 Battery St |(415) 994-4042
Perfect 10|perfect-10-san-francisco|37.75146022439|-122.427351772785|1211 Church St |(415) 821-4837
Bryan Roberts Salon & Color Bar|bryan-roberts-salon-and-color-bar-san-francisco-3|37.7599087|-122.4347909|561 Castro St |(415) 626-7700
Hair Candy Salon|hair-candy-salon-san-francisco|37.755152285099|-122.422802075744|3387 22nd St |(415) 550-8238
Divisadero Nails|divisadero-nails-san-francisco|37.7869301|-122.4399719|1858 Divisadero St |(415) 440-9999
Joys Hair Salon|joys-hair-salon-san-francisco|37.795035392046|-122.407851442695|894 Washington St |(415) 391-3832
Organic Shimmer The Spa|organic-shimmer-the-spa-san-francisco-3|37.7701263427734|-122.404747009277|680 8th St Ste 188 |(415) 638-6463
Aesthetics by Veronica|aesthetics-by-veronica-san-francisco|37.7871895|-122.4525833|3641 Sacramento St Ste G |(415) 571-9784
Makeup by Quis|makeup-by-quis-san-francisco-2|37.7713272783701|-122.393847677246|470 3rd St Ste 202 |(408) 430-2629
Haight Salon|haight-salon-san-francisco|37.7713594|-122.4225253|111 Valencia St |(415) 816-9276
Felicia Gelardi|felicia-gelardi-san-francisco-3|37.7975636|-122.4306958|Flourish Skin and Wax 1905 Union St, Ste 5 |(415) 407-7423
Mes Amis 193|mes-amis-193-san-francisco|37.7760004252195|-122.421166598797|193 Franklin St |(415) 558-7118
Rose Hair Design|rose-hair-design-san-francisco|37.7975264936686|-122.422024235129|2240 Polk St |(415) 440-0919
Tania Goulart|tania-goulart-san-francisco-3|37.7917566298832|-122.408842722754|Zindagi Salon 55 Grant St |(415) 989-9463
The Light Fantastic Salonspa|the-light-fantastic-salonspa-san-francisco|37.771088|-122.430013|146 Fillmore St |(415) 487-1772
Hairspace|hairspace-san-francisco|37.764692|-122.432194|2275 Market St |(415) 554-0405
MedEstheticsRx|medestheticsrx-san-francisco-4|37.7891226030975|-122.417274426654|815 Hyde St Lower Level A |(415) 409-7335
Alex Chases Salon|alex-chases-salon-san-francisco|37.787888|-122.406136|166 Geary St Ste 1207 |(415) 397-5505
783 Foot Massage Reflexology Town|783-foot-massage-reflexology-town-san-francisco|37.7942345|-122.4060405|783 Clay St |(415) 398-6668
Rosalee At Chop Shop Salon|rosalee-at-chop-shop-salon-san-francisco|37.7741426|-122.4446558|1714 Hayes St |(808) 343-3057
Twenty 89 Hair Design|twenty-89-hair-design-san-francisco|37.773300781846|-122.450812384486|2089 Hayes St |(415) 668-2245
Sublime Salon|sublime-salon-san-francisco|37.7887611|-122.436203|2536 California Street |(415) 440-4920
Natural Salon|natural-salon-san-francisco|37.7765312|-122.4418488|1518 Fulton St |(415) 674-7789
Salon de Union|salon-de-union-san-francisco-2|37.797409|-122.431145|1933 Union St |(415) 292-6988
Bibbo Salon|bibbo-salon-san-francisco|37.7896233648062|-122.405829057097|336 Sutter St |(415) 421-2426
Chanin Murphy|chanin-murphy-san-francisco|37.7892949040226|-122.409412153065||(415) 577-8221
Salon Picasso|salon-picasso-san-francisco|37.7990799|-122.4108276|1573 Powell St |(415) 296-0533
Sally Beauty Supply|sally-beauty-supply-san-francisco|37.7657054364681|-122.409261614084|2300 16th St Ste 225 |(415) 626-0428
Susie Chhuor Hair & Makeup|susie-chhuor-hair-and-makeup-san-francisco-2|37.7726402|-122.4099154||(415) 689-4441
Solid Gold Salon|solid-gold-salon-san-francisco|37.788600102067|-122.413862273097|812 Sutter St |(415) 440-4653
Silk Nail Salon|silk-nail-salon-san-francisco|37.788039|-122.423725|1425 Franklin St |(415) 885-3277
Artistic Nails & Spa|artistic-nails-and-spa-san-francisco|37.7864488|-122.4400216|1826 Divisadero St |(415) 345-1235
Lavande Nail Spa|lavande-nail-spa-san-francisco|37.7656846493483|-122.450361102819|113 Carl St |(415) 566-5333
San Francisco Nail|san-francisco-nail-san-francisco|37.7850937843323|-122.410840764642|291 Ellis St |(415) 683-8189
The Cutting Edge Salon|the-cutting-edge-salon-san-francisco|37.7389873|-122.4133017|1000 Cortland Ave |(415) 970-3343
LA Touched Salon|la-touched-salon-san-francisco|37.7611202|-122.4306996|3903 18th St |(415) 341-0422
Shear Image Salon|shear-image-salon-san-francisco|37.7815323|-122.4572144|3520 Geary Blvd |(415) 752-0397
Sunshine Nails|sunshine-nails-san-francisco|37.7327728|-122.4345779|2966 Diamond St |(415) 334-5167
Grasshopper Hair Salon|grasshopper-hair-salon-san-francisco|37.7822304|-122.3937378|28 S Park St |(415) 495-0424
Aida Grey-Helen of St Moritz|aida-grey-helen-of-st-moritz-san-francisco|37.789318934083|-122.407428324223|425 Sutter St |(415) 421-7022
Shua's Nails|shuas-nails-san-francisco|37.765423|-122.450661|127 Carl St |
Episode Salon & Spa|episode-salon-and-spa-san-francisco|37.7490602|-122.4273727|1360 Church St |(415) 641-1138
New French Nails|new-french-nails-san-francisco-2|37.7952118|-122.4007034|425 Battery St Ste D |(415) 495-0111
Design Her Image|design-her-image-san-jose-2|37.3083374|-121.9345155|Lindaire Ave |(408) 242-8154
Good Nails|good-nails-san-francisco|37.7981071|-122.4359894|2208 Filbert St |(415) 346-6676
New Beauty|new-beauty-san-francisco-2|37.7925677597523|-122.421142458916|1709 Polk St |(415) 885-4355
Annie's Deluxe Home Nail Care|annies-deluxe-home-nail-care-san-francisco|37.803819|-122.410417||(415) 418-8561
Gloss 'n Glam|gloss-n-glam-san-francisco|37.764832|-122.433472|258 Noe St |(415) 580-7079
ModVellum|modvellum-san-francisco-3|37.7983170747757|-122.42616891861|1628 Union St |(415) 310-7354
International Orange Spa|international-orange-spa-san-francisco|37.7885784|-122.4336786|2044 Fillmore St 2nd Fl |(415) 524-0542
Amazing Nails|amazing-nails-san-francisco-3|37.7772087603807|-122.39258363843|221 King St |(415) 926-8625
Cherish|cherish-san-francisco-2|37.7906609|-122.4171524|1044 Hyde St |(415) 923-9888
Sunrise Nail & Facial|sunrise-nail-and-facial-san-francisco|37.7423802763224|-122.424115017056|1699 Dolores St |(415) 920-1831
Zaza Nail Spa|zaza-nail-spa-san-francisco|37.782627|-122.392654|543 2nd St |(415) 495-6292
Atelier Emmanuel Salon and Day Spa|atelier-emmanuel-salon-and-day-spa-san-francisco|37.7898365|-122.4071|415 Stockton Street 4th Floor |(415) 362-8063
Z Beauty Lounge|z-beauty-lounge-san-francisco|37.7767983824015|-122.423227205873|411 Hayes St |(415) 861-9888
Angel's Nail Salon|angels-nail-salon-san-francisco|37.746456|-122.419677|3170 Mission St |(415) 643-5323
Bay's Nail & Beauty Supply|bays-nail-and-beauty-supply-san-francisco|37.7267265|-122.4330597|4465 Mission St |(415) 586-8181
Creative Nails|creative-nails-san-francisco|37.7996788|-122.4409103|3224 Scott St |(415) 928-1312
Fingertips Nail Salon|fingertips-nail-salon-san-francisco|37.7873535|-122.4221039|1309 Sutter Street |(415) 567-2092
Blush Skin Care|blush-skin-care-san-francisco|37.788357|-122.424394|1640 Bush St |(415) 806-2631
Joy Joy Nail|joy-joy-nail-san-francisco|37.7972368|-122.4342405|2115 Union St |(415) 921-2226
Lombard Nail Spa|lombard-nail-spa-san-francisco-3|37.79882|-122.44167|2447 Lombard St |(415) 937-2962
Kim's Precision Haircuts|kims-precision-haircuts-san-francisco|37.8002052|-122.4097672|554 Columbus Ave |(415) 362-0566
Brogan and Son|brogan-and-son-san-francisco|37.7951308|-122.4004914|425C Battery St |(415) 398-2272
Malay Skin Studio|malay-skin-studio-pacifica-2|37.6362457|-122.4904022|1630 Francisco Blvd |(650) 268-8318
Le Trend Nail Salon|le-trend-nail-salon-san-francisco|37.7765198|-122.4384918|783 Divisadero St |(415) 567-0162
Geary Salon|geary-salon-san-francisco|37.781441|-122.45295|3151 Geary Blvd |(415) 386-8809
Focus Hair Studio|focus-hair-studio-san-francisco|37.7881012|-122.4466095|3263 Sacramento St Ste D |(415) 931-5205
Defeyened|defeyened-san-francisco|37.8004265|-122.4329605|3303 Buchanan St |(415) 465-2519
Spa Nordstrom|spa-nordstrom-san-francisco|37.783944|-122.407118|865 Market St |(415) 977-5102
Moxie Parlour|moxie-parlour-san-francisco-2|37.7898866|-122.4047905|Smoke & Mirrors salon 256 Sutter St, 2nd Fl |(415) 806-4660
Rever Hairstyling|rever-hairstyling-san-francisco|37.7940483|-122.4071884|843 Clay St |(415) 981-0418
Groove Salon|groove-salon-san-francisco|37.789139|-122.394318|215 Fremont St Ste 1 |(415) 975-9900
Dynasty Nail|dynasty-nail-san-francisco|37.7886343002319|-122.400979623199|107 Stevenson Street |(415) 975-8654
Lilypad Spa|lilypad-spa-san-francisco|37.791800647974|-122.417488619685|1198 Hyde St |(415) 525-3848
Perfection Nails Spa|perfection-nails-spa-san-francisco|37.790761|-122.4171972|1044 Hyde St |(415) 923-9888
Bella Tu|bella-tu-san-francisco|37.803566|-122.4335938|3643 Buchanan St |(415) 931-4721
Charmante|charmante-san-francisco|37.8001328|-122.4096527|546 Columbus Ave |(415) 397-7200
Fancy Fingers & Facials|fancy-fingers-and-facials-san-francisco|37.8057776391506|-122.412787377834|350 Bay Street |(415) 399-1431
Teresita Nail Spa|teresita-nail-spa-san-francisco|37.7524399012327|-122.416060343385|3194 24th St |(415) 404-8818
Glow Hand and Foot Spa|glow-hand-and-foot-spa-san-francisco|37.7763786|-122.4456863|1780 Fulton St |(415) 674-9952
Magic Nails|magic-nails-san-francisco|37.7864677459002|-122.409767881036|325 Mason Street |(415) 346-7539
Sanctuary Spa at Bay Club of San Francisco|sanctuary-spa-at-bay-club-of-san-francisco-san-francisco|37.803444|-122.402626|150 Greenwich St |(415) 901-9325
Cinta Salon|cinta-salon-san-francisco|37.7872165403078|-122.404990196228|23 Grant Ave 2nd Fl |(415) 989-1000
Mini Nails|mini-nails-san-francisco|37.7904736250639|-122.421085461974|1621 California St |(415) 922-7119
Nails-N-Perfect|nails-n-perfect-san-francisco-2|37.7851453621947|-122.406360313461|833 Market St Ste 309 |(415) 543-3449
Dermal Essentials|dermal-essentials-san-francisco|37.7982599|-122.4278808|1738 Union St Ste 101 |(510) 230-7059
Orchid Nail Salon|orchid-nail-salon-san-francisco|37.7888052910566|-122.412272393703|716 Sutter Street |(415) 929-6821
Waxing by Tracy at Hair Help|waxing-by-tracy-at-hair-help-san-francisco|37.7624817|-122.3998718|1756 18th St |(415) 350-4861
Pacific Nails|pacific-nails-san-francisco|37.7952614|-122.4207916|1546 Pacific Ave |(415) 567-9785
Joseph Cozza Salon|joseph-cozza-salon-san-francisco|37.7866222|-122.4043631|747 Market Street 4th Floor |(415) 633-3933
Kiaras Beauty Salon|kiaras-beauty-salon-san-francisco|37.753925845027|-122.417883574963|3264 23rd St |(415) 824-4836
GSQUARED A SOMA Hair Studio|gsquared-a-soma-hair-studio-san-francisco|37.7776108|-122.4049835|360 6th Street |(415) 861-4247
LeeLaWaDee Thai Classic Massage|leelawadee-thai-classic-massage-san-francisco-2|37.7896996|-122.4056931|310 Sutter Street 2nd Floor |(415) 412-2519
Union Gent Haircutters|union-gent-haircutters-san-francisco|37.797401|-122.431473|1957 Union St Ste B |(415) 567-1090
Lash and Face By Chi|lash-and-face-by-chi-san-francisco|37.789404|-122.408905|500 Sutter St Ste 812 |(415) 788-9778
Skin Fantastik|skin-fantastik-san-francisco|37.7901021391153|-122.401212304831|41 Sutter St # 223 |(415) 397-3700
Precision Hair Design|precision-hair-design-san-francisco|37.7919236|-122.4205573|1622 Polk St |(415) 931-1077
Triple Twist Makeup & Hair Design|triple-twist-makeup-and-hair-design-san-francisco|37.7850029106128|-122.407298351776|870 Market St Ste 1040 |(888) 865-6960
Vanity Beauty Lounge|vanity-beauty-lounge-san-francisco|37.794966548334|-122.39737238623|3 Embarcadero Ctr 2nd Fl |(415) 362-2242
Pure Envy Spa Bar|pure-envy-spa-bar-san-francisco|37.7777671|-122.4244195|476 Grove St |(415) 255-9911
Citi Beauty Skincare|citi-beauty-skincare-san-francisco|37.7749786|-122.4377899|Divisadero between Fell & Hayes |(415) 865-0909
KT Nails|kt-nails-san-francisco-3|37.79261|-122.421112|1722 Polk St |(415) 928-1698
Mademoiselle Nails|mademoiselle-nails-san-francisco|37.7704200893641|-122.403311133385|681 Townsend St |(415) 553-4081
Veer & Wander|veer-and-wander-san-francisco|37.7732264848101|-122.421025338256|6 Brady St |(415) 864-3012
Wild Orchid Nails & Spa|wild-orchid-nails-and-spa-san-francisco|37.787888|-122.406136|166 Geary St Ste 908 |(415) 758-2066
Flying Beauticians|flying-beauticians-san-francisco|37.7878799|-122.4061279|166 Geary St Ste 900 |(415) 391-8929
Descend Salon|descend-salon-san-francisco|37.796978|-122.4352188|2185A Union St |(415) 440-6608
Tina's Nails|tinas-nails-san-francisco|37.7896428108215|-122.412629127502|931 Bush St |(415) 346-5725
Lauren Mae Haggard|lauren-mae-haggard-san-francisco-5|37.7942079|-122.4028242|520 Montgomery St Ste 208 |(925) 200-8197
European Glamorous Nails|european-glamorous-nails-san-francisco|37.7880388498306|-122.401115074754|55 New Montgomery Ste 219 |(415) 243-9441
Arty|arty-san-francisco|37.785846|-122.42942|1680 Post St Ste G |(415) 931-4405
Tracy Mazza Hairstyling|tracy-mazza-hairstyling-san-francisco|37.789867|-122.4057553|310 Sutter St 4th Fl |(415) 533-3165
My Nails|my-nails-san-francisco|37.7983096|-122.4192203|1204 Green St |(415) 673-0311
A.T. Beauty Spa|a-t-beauty-spa-san-francisco|37.7529857307673|-122.406976372004|2726 24th St |(415) 648-6389
Hair Fairies|hair-fairies-san-francisco-4|37.790409|-122.433861|2238 Fillmore St |(415) 292-5900
April Nail Salon|april-nail-salon-san-francisco-2|37.787888|-122.406136|166 Geary St Ste 1606 |(415) 391-5770
Chic Nails Salon|chic-nails-salon-san-francisco|37.798225|-122.428513|1772 Union Street |(415) 776-3932
Lavish Hair and Makeup Studio|lavish-hair-and-makeup-studio-san-francisco-2|37.7920027|-122.4191708|1514 Larkin St |(415) 203-0463
La Fleur Hair & Nail Spa|la-fleur-hair-and-nail-spa-san-francisco|37.75967|-122.398376|1701 20th St |(415) 525-4840
J. Roland|j-roland-san-francisco|37.7898449|-122.4031698|161 Sutter St 3rd Fl |(415) 392-2969
Yelena Spa|yelena-spa-san-francisco|37.787888|-122.406136|166 Geary St Ste 1107 |(415) 397-2484
Paradise Nail Spa|paradise-nail-spa-san-francisco|37.8031732141972|-122.414228394628|948 Columbus Ave |(415) 440-8808
Benefit Brow Bar at Macy's|benefit-brow-bar-at-macys-san-francisco|37.786797|-122.407364|170 O'Farrell Street |(415) 296-4479
Yellow Orchid Nails Spa|yellow-orchid-nails-spa-san-francisco-2|37.7910614|-122.4043121|323 Kearny St 2F |(415) 989-9633
Colorbox Hair Salon|colorbox-hair-salon-san-francisco|37.7625062316656|-122.428527921438|510 Church St |(415) 701-1610
Rumours Hair & Nail Salon|rumours-hair-and-nail-salon-san-francisco|37.7873750030994|-122.452956140041|3665 Sacramento St |(415) 346-3333
Dermaplus Skin + Body|dermaplus-skin-body-san-francisco|37.79834|-122.427895|1728 Union St |(415) 885-6192
Sassi Beauty Salon|sassi-beauty-salon-san-francisco|37.8004303|-122.4338303|1956 Lombard St Ste A |(415) 922-2998
Quince Spa|quince-spa-san-francisco|37.758227519826|-122.39530745015|640 Texas St |(415) 920-9888
Heaven Day Spa & Salon|heaven-day-spa-and-salon-san-francisco|37.8002281|-122.4398117|2209 Chestnut St |(415) 749-6414
MaduSalon|madusalon-san-francisco-2|37.772357580045|-122.437096729656|300 Divisadero St |(415) 626-4782
Heads Up Hair Care|heads-up-hair-care-san-francisco|37.751518|-122.433868|1233 Castro St |(415) 902-4565
Peoples Barber|peoples-barber-san-francisco|37.7885208|-122.4205322|1259 Polk St |(415) 292-4099
Bijou Nail Salon|bijou-nail-salon-san-francisco|37.7704277|-122.4247971|28 Guerrero St |(415) 431-6245
David Scott Jones Hair|david-scott-jones-hair-san-francisco|37.761243|-122.4346753|491 Castro St |(415) 640-4041
Bamboo|bamboo-san-francisco|37.7970886|-122.436882|2284B Union St |(415) 567-8812
Arrow Salon|arrow-salon-san-francisco|37.7537552970005|-122.422977760434|1041 Guerrero |(415) 658-7469
Urban Allure|urban-allure-san-francisco|37.793581|-122.399328|230 California St Ste 603 |(415) 399-1300
Yvonne Hair Salon|yvonne-hair-salon-san-francisco|37.781494|-122.452515|3123 Geary Blvd |(415) 668-3399
Beauty Company|beauty-company-san-francisco|37.7981199324131|-122.422256916761|2325 Polk St |(415) 567-8740
Mike Page Style Lab|mike-page-style-lab-san-francisco|37.7877714|-122.4127508|664 Post St |(415) 441-7522
Lotus Foot Care At Home|lotus-foot-care-at-home-san-francisco|37.7486686706543|-122.415794372559||(415) 637-1401
Body Manipulations|body-manipulations-san-francisco|37.7649955749512|-122.42504119873|3234 16th St |(415) 621-0408
Remde Spa|remde-spa-san-francisco-2|37.7731571695707|-122.40966796875|The St Regis Hotel 125 3rd St |(415) 284-4060
Zen Day Spa|zen-day-spa-san-francisco|37.771447508571995|-122.43495938074999|775 Haight St |(415) 558-8886
Lombard Heights Nail Salon|lombard-heights-nail-salon-san-francisco|37.7994892001152|-122.43760317564|3288 Steiner St |(415) 776-9688
Tao Barber Salon|tao-barber-salon-san-francisco|37.7620811|-122.4068527|595 Potrero Ave |(415) 864-4345
Cocoon Bare|cocoon-bare-san-francisco|37.799236|-122.422729|2435 Polk St |(415) 655-3267
Sunflowers Nails|sunflowers-nails-san-francisco-2|37.7765198|-122.4384918|773 A Divisadero St |(415) 931-1254
Sassoon Salon|sassoon-salon-san-francisco|37.789358|-122.4064498|359 Sutter St |(415) 397-5105
Bliss Spa|bliss-spa-san-francisco-5|37.785319|-122.400546|W San Francisco 181 3rd St, 4th Fl |(415) 817-4100
Flower &  Gold Wedding Hair and Make-up|flower-and-gold-wedding-hair-and-make-up-san-francisco|37.77548|-122.41032||(415) 743-0452
Market Nail Spa|market-nail-spa-san-francisco|37.7680283|-122.4276886|2057 Market St |(415) 252-7052
Salon 265|salon-265-san-francisco-2|37.7734281867743|-122.425707578659|265 Laguna St |(415) 300-0265
Parlor|parlor-san-francisco-3|37.799129|-122.422119|2418 Polk St |(415) 801-5758
Golia Beauty Center|golia-beauty-center-san-francisco|37.7936728298664|-122.406203225255|737 A Grant Ave Ste A |(415) 956-1089
Two Sisters|two-sisters-san-francisco|37.7970505|-122.4365997|2266 Union St Ste A |(415) 921-3151
Skin City|skin-city-san-francisco|37.772562|-122.4374602|323 Divisadero St |(415) 255-4777
SASS|sass-san-francisco-2|37.7952742|-122.4205845|1538 Pacific Ave Ste 111 |(415) 754-5888
Zenbi Nails|zenbi-nails-san-francisco|37.8007887303829|-122.436899095774|2032 Chestnut St |(415) 447-8942
Glambox Beauty|glambox-beauty-san-francisco-2|37.7985794378596|-122.396038900522|100 Union St |(415) 570-1744
Rubio & Raven|rubio-and-raven-san-francisco|37.7708914875984|-122.430131882429|142 Fillmore St |(415) 861-0142
People Hair & Nail Spa|people-hair-and-nail-spa-san-francisco|37.7655787020922|-122.43092648685|207 Sanchez St |(415) 621-2729
Head to Toes|head-to-toes-san-francisco|37.7391428500414|-122.416895851493|451 Cortland Ave |(415) 282-2531
La Biang Thai Massage|la-biang-thai-massage-san-francisco-4|37.7887683829732|-122.420389965607|1301 Polk St |(415) 931-7692
Jouvence Salon and Spa|jouvence-salon-and-spa-san-francisco-2|37.7867815643549|-122.408039197326|230 Powell St |(415) 391-1288
Bare Escentuals|bare-escentuals-san-francisco-4|37.7840996|-122.4061432|845 Market St |(415) 357-9804
Nova Nail Spa|nova-nail-spa-san-francisco|37.7841682|-122.4044495|811 Mission St between 4th and 5th St |(415) 896-6682
Salon Baobao|salon-baobao-san-francisco|37.768192|-122.427528|2041 Market St |(415) 626-6806
Portola Nail Bar|portola-nail-bar-san-francisco|37.7451295405626|-122.451977133751|619 Portola Dr |(415) 564-6690
Kitty's Nails|kittys-nails-san-francisco|37.79105|-122.4180984|1436 California St |(415) 775-1286
Tiptoes Union Square|tiptoes-union-square-san-francisco|37.7866134643555|-122.408325195312|207 Powell St 3rd Fl |(415) 397-8637
Akimi Hair Gallery|akimi-hair-gallery-san-francisco|37.7892303|-122.4040375|133 Kearny St Ste 302 |(415) 397-5382
Hair Artist Aurora Theresa|hair-artist-aurora-theresa-san-francisco-2|37.789425|-122.406756|Shapes Studios Salon 391 Sutter St, Ste 608 |(415) 306-2076
Haight Ashbury Tattoo and Piercing|haight-ashbury-tattoo-and-piercing-san-francisco|37.7696723937988|-122.447402954102|1525 Haight Street |(415) 431-2218
Jungle Red|jungle-red-san-francisco|37.7605896|-122.4367599|4233 18th St |(415) 934-9755
Presidio Heights Salon|presidio-heights-salon-san-francisco|37.7879333|-122.4498901|3470 Sacramento Street |(415) 346-2086
Laline|laline-san-francisco-2|37.8007889|-122.4382477|2106 Chestnut St |(415) 292-9971
The Red Chair Salon|the-red-chair-salon-san-francisco|37.7979375422001|-122.429186403751|1808 Union St |(415) 346-3939
High Class Nails|high-class-nails-san-francisco|37.751247|-122.430786|3953 24th St |(415) 550-7948
The Traveling Stylist|the-traveling-stylist-sacramento-2|37.863769|-122.274686||(916) 524-5810
Arthur Sebastian|arthur-sebastian-san-francisco|37.7976913|-122.4320602|Red Union Hair Salon 1996 Union St |(415) 501-0338
Eyebrows To Die For|eyebrows-to-die-for-san-francisco|37.7962760925293|-122.425537109375|1701 Vallejo St Ste 202 |(415) 346-9956
Haute Hair Studio|haute-hair-studio-san-francisco-2|37.7878105827449|-122.406092022971|166 Geary St Ste 1202 |(415) 690-0309
Images For Hair|images-for-hair-san-francisco|37.797020226717|-122.435678690672|2203 Union Street |(415) 931-3309
Union Nails|union-nails-san-francisco-2|37.794777|-122.421791|1601 Pacific Ave |(415) 931-0414
La Tira Wax Studio|la-tira-wax-studio-san-francisco|37.749981|-122.427094|1301 Church St |(415) 812-5147
The Final Touch 2|the-final-touch-2-san-francisco-2|37.7869314|-122.4467223|514 Presidio Ave |(415) 351-2088
West Coast Beauty Nails|west-coast-beauty-nails-san-francisco|37.7942837029696|-122.419922053814|1501 Jackson Street |(415) 928-1858
Hair Weaving & Braids By Jovann|hair-weaving-and-braids-by-jovann-san-francisco-4|37.781063079834|-122.432090759277|1260 Fillmore St |(415) 632-2761
Tooba Salon|tooba-salon-san-francisco|37.796921|-122.404884|170 Columbus Ave Ste 115 |(415) 766-4707
Doan's Nails|doans-nails-san-francisco|37.789523|-122.408833|500 Sutter St Ste 812 |(415) 788-9778
Sugar Society|sugar-society-san-francisco|37.7952742|-122.4205845|1504 Vallejo St. |(415) 763-7607
Smoke & Mirrors|smoke-and-mirrors-san-francisco|37.7898712158203|-122.404899597168|256 Sutter St Fl 2 |(415) 249-0840
Citi Beauty Skin Care|citi-beauty-skin-care-san-francisco|37.7743220329285|-122.437596470118|518 Divisadero St |(415) 865-0909
Sydney Nail Spa|sydney-nail-spa-san-francisco|37.7975244820118|-122.428761273623|2758 Octavia St |(415) 928-1268
Salon Mark Carlos|salon-mark-carlos-san-francisco|37.7892612665892|-122.405484393239|11 Tillman Pl 2nd Fl |(415) 362-3111
Lustre Salon|lustre-salon-san-francisco|37.7769982069731|-122.424656152725|522 Octavia St |(415) 861-5851
Betty Beauty Care|betty-beauty-care-san-francisco|37.7271594107151|-122.403354048729|2739 San Bruno Ave |(415) 656-3225
Lumina European  Nail Salon|lumina-european-nail-salon-san-francisco|37.7878799|-122.4061279|166 Geary St 6th Floor |(415) 392-4780
Phuong Nail Station|phuong-nail-station-san-francisco|37.7969207763672|-122.404884338379|170 Columbus Ave Ste 115 |(415) 987-8889
Salon A7|salon-a7-san-francisco|37.8006559610367|-122.407090365887|463 Union St |(415) 603-2877
Beauty By Breanne - Advanced Spray Tan|beauty-by-breanne-advanced-spray-tan-san-francisco|37.7903867|-122.4040342|237 Kearny St Ste 185 |(415) 926-9909
Belle by Marine|belle-by-marine-san-francisco-4|37.7838304638863|-122.428061887622|25 Galilee Ln Ste 4 |(415) 570-1878
Tnails|tnails-san-francisco|37.7992706|-122.4356689|3212 Fillmore St |(415) 987-1678
Tom's Beautiful Sexy Hair|toms-beautiful-sexy-hair-san-francisco|37.8019104|-122.4114075|701 Greenwich St |(415) 434-1527
Kimberly Jones Esthetics Micro Spa|kimberly-jones-esthetics-micro-spa-san-francisco|37.7962762|-122.4255649|1701 Vallejo St Ste 202 |(415) 346-9956
All Dolled Up|all-dolled-up-san-francisco|37.77501|-122.41826|2345 Washington St |(415) 238-1847
Unique Design Nails|unique-design-nails-san-francisco|37.7949750423431|-122.423408254981|2105 Van Ness Ave |(415) 567-2866
Foot Reflexology Center|foot-reflexology-center-san-francisco|37.7962189|-122.4062195|662 Jackson St |(415) 989-2268
Zaya Nail Spa|zaya-nail-spa-san-francisco|37.749412|-122.418518|2970 Mission St |(415) 525-3925
Ladies & Gents|ladies-and-gents-san-francisco|37.8003059327602|-122.409799396992|629 Union St |(415) 500-2143
Pearly Nails|pearly-nails-san-francisco-2|37.7950191|-122.4234999|2105 Van Ness Ave |(415) 567-2866
Dekko|dekko-san-francisco|37.7534797377091|-122.390956878662|1325 Indiana St Ground Floor |(415) 285-8848
Gelous Nails|gelous-nails-san-francisco|37.7514977753162|-122.43006952107|3915 - 24th St Ste A |(415) 643-5592
JA's Razor Club|jas-razor-club-san-francisco|37.787912|-122.405939|152 Geary St 2nd Fl |(415) 398-2707
AB Beauty Salon|ab-beauty-salon-san-francisco|37.7900009|-122.4072876|431 Stockton St |(415) 956-2668
Dogpatch Barber and Shave|dogpatch-barber-and-shave-san-francisco-5|37.7564012024368|-122.388273999095|2632 3rd St |(415) 814-1117
Glamour Beauty Salon|glamour-beauty-salon-san-francisco|37.7968693524599|-122.399663329124|205 Jackson St |(415) 362-2007
Joana Nails|joana-nails-san-francisco|37.786943167448|-122.411939129233|524 Geary St |(415) 567-0621
Beauty Matters|beauty-matters-san-francisco-2|37.7517076581717|-122.428180575371|3836 24th St |(415) 285-2303
Lonni's Punani Waxing|lonnis-punani-waxing-san-francisco-3|37.7952766|-122.4206772|1538 Pacific Ave Studio 105 |(415) 215-7678
Barrow Salon|barrow-salon-san-francisco|37.789873|-122.404897|256 Sutter St 4th Fl |(415) 732-0356
Bloomingdale's|bloomingdales-san-francisco|37.7842827790352|-122.406191825867|Westfield San Francisco Centre 845 Market St |(415) 856-5300
Kat Kern|kat-kern-san-francisco|37.7894218|-122.4055486|J Roland Salon 161 Sutter St |(415) 392-2969
Costa Del Sol Tanning Salon|costa-del-sol-tanning-salon-san-francisco|37.7910823|-122.4178877|1426 California St |(415) 771-3577
Glen Park Nails|glen-park-nails-san-francisco|37.7342231238152|-122.43330625512|74 Wilder St |(415) 585-6844
Moxi|moxi-san-francisco|37.79776|-122.4319077|1980 Union St Ste 8 |(415) 775-1980
Shimmer|shimmer-san-francisco|37.78986|-122.404999|266 Sutter St Fl 4 |(415) 362-2323
Head to Toes Beauty|head-to-toes-beauty-san-francisco|37.7972099930048|-122.434189394116|2115 union st |(415) 921-2226
Progressive Cuts|progressive-cuts-san-francisco|37.7717185|-122.4438929||(415) 292-6474
Rosy Heels|rosy-heels-san-francisco|37.778084|-122.41008|180 7th St Ste 101 |(415) 861-4889
Organic Shimmer Tanning Therapy|organic-shimmer-tanning-therapy-san-francisco|37.7980232|-122.4291534|1804 Union St |(415) 655-9944
Lucy's Pro Nails|lucys-pro-nails-san-francisco|37.7409706|-122.4231796|3486 Mission Street |(415) 647-8004
Curl Up|curl-up-san-francisco|37.8057776391506|-122.412787377834|350 Bay Street |(415) 434-0274
Sen Beauty Spa|sen-beauty-spa-san-francisco|37.8009300231934|-122.430084228516|1734A Lombard St |(415) 292-6788
Pampered Nails By Tammy|pampered-nails-by-tammy-san-francisco|37.7892344|-122.4088717|500 Sutter St Ste 509 |(415) 568-5085
Brandon For Hair|brandon-for-hair-san-francisco|37.787887|-122.406135|166 Geary St Ste 302 |(415) 377-2218
Little Saigon Hair & Nails Salon|little-saigon-hair-and-nails-salon-san-francisco|37.784368917346|-122.416357398033|611 Ellis Street |(415) 776-1474
Bruce Ross & Company Salon|bruce-ross-and-company-salon-san-francisco|37.7991813652428|-122.429024117197|2906 Octavia St |(415) 728-2126
City Famous Spa|city-famous-spa-san-francisco|37.799816|-122.438858|2272 Lombard St |(415) 346-4151
Lombard Beauty Salon|lombard-beauty-salon-san-francisco-2|37.7988205|-122.4416733|2447 Lombard St |(415) 816-8663
African Beauty Supply and Salon|african-beauty-supply-and-salon-san-francisco-2|37.7774467|-122.4384537|845 Divisadero St |(415) 931-1422
Rich Relief Massage|rich-relief-massage-san-francisco-6|37.7969522|-122.4051496|170 Columbus Ave Ste 115 |(415) 240-1642
Generation Nails|generation-nails-san-francisco|37.741581|-122.3876419|3801 3rd Street Suite 525 |(415) 648-2933
The Pampered Girl|the-pampered-girl-san-francisco-2|37.7753983|-122.4229813|225 Gough St |(415) 431-4475
Ciao Bella Nails|ciao-bella-nails-san-francisco|37.8001979738474|-122.440763488412|2277 Chestnut St |(415) 771-6666
Stasis Facial Spa|stasis-facial-spa-san-francisco|37.7981863170862|-122.435777932405|3109 Fillmore St Ste 203 |(415) 568-7806
Beautiful Nails|beautiful-nails-san-francisco|37.7899017|-122.4099197|771 Bush St |(415) 984-0488
Alex Talon - Hair Studio|alex-talon-hair-studio-san-francisco|37.7878863712034|-122.40612745285|166 Geary St Ste 1606 |(415) 215-2413
Imperial Spa|imperial-spa-san-francisco|37.7838211|-122.4341125|1875 Geary Blvd |(415) 771-1114
Primp|primp-san-francisco|37.789341|-122.4066696|391 Sutter St Ste 307 |(415) 986-9012
Irina's Skin Care|irinas-skin-care-san-francisco|37.7437374740839|-122.453784942627|29 Evelyn Way |(415) 242-1023
Equinox|equinox-san-francisco-2|37.7918357849121|-122.40128326416|301 Pine St |
Belli Capelli Aromatherapy Salon & Day Spa|belli-capelli-aromatherapy-salon-and-day-spa-san-francisco|37.785717|-122.439667|1728 Divisadero St |(415) 346-4100
Hokus Pokus Salon|hokus-pokus-salon-san-francisco|37.7442207|-122.4528198|115 Fowler Ave |(415) 753-5665
Addiction Salon|addiction-hair-salon-san-francisco|37.7647579|-122.4125633|350 Alabama St |(415) 552-2190
Lian Nails|lian-nails-san-francisco|37.7507896|-122.4186401|2890 Mission St |(415) 648-5826
Nail Care For You|nail-care-for-you-san-francisco|37.8007719665766|-122.407685145736|1507 Grant Ave |(415) 362-3347
Thi Spa & Nails|thi-spa-and-nails-san-francisco|37.7896996|-122.4056931|310 Sutter St 2nd Fl |(415) 399-9972
Lilyan's Beauty Salon|lilyans-beauty-salon-san-francisco|37.735649|-122.424911|3820 Mission St |(415) 206-1617
Spargo - A Place For Men|spargo-a-place-for-men-san-francisco-2|37.7950112|-122.3994102|1 Embarcadero Ctr |(415) 989-4700
Bayview Nail Care|bayview-nail-care-san-francisco|37.7426186|-122.4215393|3371 Mission St |(415) 282-3828
California Chiropractic Center|california-chiropractic-center-san-francisco-3|37.7781261644576|-122.393884348688|242 Townsend St |(415) 979-9577
Blackbird Salon|blackbird-salon-san-francisco|37.7636833|-122.419693|2088 Mission St |(415) 684-2506
The Woodbridge Salon|the-woodbridge-salon-san-francisco|37.8007328|-122.4377598|2072 Chestnut St |(415) 441-1362
Hair 49|hair-49-san-francisco|37.7886009|-122.4037628|49 Kearny St |(415) 398-3362
Center Nails|center-nails-san-francisco|37.7527885|-122.4122009|3008 24th St |(415) 401-6245
Missy Lowe Makeup & Hair|missy-lowe-makeup-and-hair-san-francisco-2|37.7877340961349|-122.406085205527||(510) 457-6000
1512 Barber Shop|1512-barber-shop-san-francisco|37.78970178846401|-122.42091668215001|1512 Pine St |(415) 286-4371
Drybar Pacific Heights|drybar-pacific-heights-san-francisco|37.787426|-122.433281|1908 Fillmore St |(415) 347-8908
Brooklyn Cooper Salon|brooklyn-cooper-salon-san-francisco|37.78852|-122.402974|660 Market St Ste 223 |(415) 710-5598
Pure Organic Spa|pure-organic-spa-san-francisco|37.789506|-122.409078|518 Sutter St 3rd Fl |(415) 576-9600
JosephAlex Salon|josephalex-salon-san-francisco-2|37.788476|-122.402947|660 Market St 2nd Fl |(510) 717-9886
Rendez-Vous Nails|rendez-vous-nails-san-francisco|37.7881393|-122.4463425|3247 Sacramento St |(415) 474-2205
Ashley Zimmerman Hair Stylist|ashley-zimmerman-hair-stylist-san-francisco|37.764801|-122.4126968|Addiction Salon 350 Alabama St |(415) 552-2190
Black & Blue Tattoo|black-and-blue-tattoo-san-francisco|37.765151|-122.423889|381 Guerrero St |(415) 626-0770
Kiehl's Since 1851|kiehls-since-1851-san-francisco-5|37.787788|-122.433876|1971 Fillmore St |(415) 359-9260
Fresh Face Makeup|fresh-face-makeup-san-francisco|37.7882385|-122.4032288|690 Market St |(415) 689-5795
The Pretty Pretty Collective|the-pretty-pretty-collective-san-francisco|37.7553708851337|-122.420671731234|3290 22nd St |(415) 282-2002
Nora Spa & Salon|nora-spa-and-salon-san-francisco|37.7831283956766|-122.398043945432|351 3rd St |(415) 369-9028
Marina Nails|marina-nails-san-francisco|37.8008477389812|-122.435751110315|1961 Chestnut Street |(415) 931-9195
Zindagi Salon|zindagi-salon-san-francisco|37.7875471393784|-122.405189063385|55 Grant Ave 3rd Fl |(415) 989-9463
Salon Miel|salon-miel-san-francisco|37.789754|-122.405615|305 Grant Ave 2nd Fl |(415) 563-7430
SenSpa|senspa-san-francisco|37.8024805337191|-122.451260313392|1161 Gorgas Ave |(415) 441-1777
Minia Make Up|minia-make-up-san-francisco|37.7582193263491|-122.436391018398||(714) 655-4704
Poppies|poppies-san-francisco|37.7918396|-122.4019928|369 Pine St |(415) 982-4184
Union Square Stress Reduction Center|union-square-stress-reduction-center-san-francisco|37.7898712|-122.404892|256 Sutter Street |(415) 398-2328
Bladerunners Hair Studio|bladerunners-hair-studio-san-francisco|37.76963|-122.451736|1792 Haight St |(415) 751-1723
